INSERT INTO publishers (name, country, established_year) VALUES ('Penguin Random House', 'Country 1', 1901);
INSERT INTO publishers (name, country, established_year) VALUES ('HarperCollins', 'Country 2', 1902);
INSERT INTO publishers (name, country, established_year) VALUES ('Simon & Schuster', 'Country 3', 1903);
INSERT INTO publishers (name, country, established_year) VALUES ('Hachette Livre', 'Country 4', 1904);
INSERT INTO publishers (name, country, established_year) VALUES ('Macmillan', 'Country 5', 1905);
INSERT INTO publishers (name, country, established_year) VALUES ('Random House', 'Country 6', 1906);
INSERT INTO publishers (name, country, established_year) VALUES ('Fayard', 'Country 7', 1907);
INSERT INTO publishers (name, country, established_year) VALUES ('Gallimard', 'Country 8', 1908);
INSERT INTO publishers (name, country, established_year) VALUES ('Editions du Seuil', 'Country 9', 1909);
INSERT INTO publishers (name, country, established_year) VALUES ('Flammarion', 'Country 10', 1910);
INSERT INTO authors (first_name, last_name, birth_year, country) VALUES ('George', 'Orwell', 1901, 'Country 1');
INSERT INTO authors (first_name, last_name, birth_year, country) VALUES ('Harper', 'Lee', 1902, 'Country 2');
INSERT INTO authors (first_name, last_name, birth_year, country) VALUES ('Victor', 'Hugo', 1903, 'Country 3');
INSERT INTO authors (first_name, last_name, birth_year, country) VALUES ('J.K.', 'Rowling', 1904, 'Country 4');
INSERT INTO authors (first_name, last_name, birth_year, country) VALUES ('F. Scott', 'Fitzgerald', 1905, 'Country 5');
INSERT INTO authors (first_name, last_name, birth_year, country) VALUES ('Jane', 'Austen', 1906, 'Country 6');
INSERT INTO authors (first_name, last_name, birth_year, country) VALUES ('Albert', 'Camus', 1907, 'Country 7');
INSERT INTO authors (first_name, last_name, birth_year, country) VALUES ('Gabriel', 'García Márquez', 1908, 'Country 8');
INSERT INTO authors (first_name, last_name, birth_year, country) VALUES ('Marcel', 'Proust', 1909, 'Country 9');
INSERT INTO authors (first_name, last_name, birth_year, country) VALUES ('Ernest', 'Hemingway', 1910, 'Country 10');
INSERT INTO books (isbn, title, publication_year, stock, price, publisher_id) VALUES ('978-0-14-103613-7', '1984', 1949, 15, 9.99, 3);
INSERT INTO books (isbn, title, publication_year, stock, price, publisher_id) VALUES ('978-0-06-112008-4', 'To Kill a Mockingbird', 1960, 8, 14.99, 6);
INSERT INTO books (isbn, title, publication_year, stock, price, publisher_id) VALUES ('978-2-07-040918-4', 'Les Misérables', 1862, 5, 19.99, 10);
INSERT INTO books (isbn, title, publication_year, stock, price, publisher_id) VALUES ('978-0-74-753274-3', 'Harry Potter and the Philosopher s Stone', 1997, 20, 12.99, 5);
INSERT INTO books (isbn, title, publication_year, stock, price, publisher_id) VALUES ('978-1-4516-7362-5', 'The Great Gatsby', 1925, 10, 8.99, 10);
INSERT INTO books (isbn, title, publication_year, stock, price, publisher_id) VALUES ('978-0-06-093546-7', 'Pride and Prejudice', 1813, 12, 6.99, 10);
INSERT INTO clients (first_name, last_name, email, phone, address) VALUES ('Alice', 'Dupont', 'alice.dupont@example.com', '+33355417626', '123 Rue de Paris, Paris, France');
INSERT INTO clients (first_name, last_name, email, phone, address) VALUES ('Bob', 'Martin', 'bob.martin@example.com', '+33102170179', '45 Boulevard St-Germain, Paris, France');
INSERT INTO clients (first_name, last_name, email, phone, address) VALUES ('Charlie', 'Leclerc', 'charlie.leclerc@example.com', '+33340663290', '789 Avenue des Champs-Élysées, Paris, France');
INSERT INTO clients (first_name, last_name, email, phone, address) VALUES ('Diana', 'Durand', 'diana.durand@example.com', '+33985885226', '1 Rue de la République, Lyon, France');
INSERT INTO clients (first_name, last_name, email, phone, address) VALUES ('Eva', 'Bernard', 'eva.bernard@example.com', '+33645059886', '22 Rue Victor Hugo, Marseille, France');
INSERT INTO orders (client_id, order_date, status) VALUES (1, '2024-11-01', 'Shipped');
INSERT INTO orders (client_id, order_date, status) VALUES (2, '2024-11-02', 'Pending');
INSERT INTO orders (client_id, order_date, status) VALUES (3, '2024-11-03', 'Cancelled');
INSERT INTO orders (client_id, order_date, status) VALUES (4, '2024-11-04', 'Shipped');
INSERT INTO orders (client_id, order_date, status) VALUES (5, '2024-11-05', 'Pending');
INSERT INTO order_books (order_id, isbn, quantity) VALUES (1, '978-0-14-103613-7', 3);
INSERT INTO order_books (order_id, isbn, quantity) VALUES (1, '978-0-06-112008-4', 1);
INSERT INTO order_books (order_id, isbn, quantity) VALUES (2, '978-2-07-040918-4', 1);
INSERT INTO order_books (order_id, isbn, quantity) VALUES (2, '978-0-74-753274-3', 2);
INSERT INTO order_books (order_id, isbn, quantity) VALUES (3, '978-1-4516-7362-5', 2);
INSERT INTO order_books (order_id, isbn, quantity) VALUES (4, '978-0-06-093546-7', 2);
INSERT INTO order_books (order_id, isbn, quantity) VALUES (4, '978-0-14-103613-7', 1);
INSERT INTO order_books (order_id, isbn, quantity) VALUES (5, '978-2-07-040918-4', 3);
INSERT INTO book_authors (book_isbn, author_id) VALUES ('978-0-14-103613-7', 1);
INSERT INTO book_authors (book_isbn, author_id) VALUES ('978-0-06-112008-4', 2);
INSERT INTO book_authors (book_isbn, author_id) VALUES ('978-2-07-040918-4', 3);
INSERT INTO book_authors (book_isbn, author_id) VALUES ('978-0-74-753274-3', 4);
INSERT INTO book_authors (book_isbn, author_id) VALUES ('978-1-4516-7362-5', 5);
INSERT INTO book_authors (book_isbn, author_id) VALUES ('978-0-06-093546-7', 6);
INSERT INTO book_authors (book_isbn, author_id) VALUES ('978-0-14-103613-7', 7);
INSERT INTO book_authors (book_isbn, author_id) VALUES ('978-2-07-040918-4', 8);
INSERT INTO book_authors (book_isbn, author_id) VALUES ('978-0-74-753274-3', 9);
INSERT INTO book_authors (book_isbn, author_id) VALUES ('978-1-4516-7362-5', 10);